Participant	Session	Sex	ScanAge	Handness_ChineseEHI
0001	01	Female	8.7	NA
0001	02	Female	11.4	NA
0002	01	Female	6.2	NA
0003	01	Male	8.2	R
0003	02	Male	10.4	MR
0003	03	Male	11.8	R
0004	01	Female	6.9	RR
0005	01	Male	13.8	MR
0006	01	Female	6	RR
0007	01	Female	9.8	MR
0007	02	Female	12	MR
0007	03	Female	13.4	MR
0008	01	Female	6	MR
0008	02	Female	8.2	MR
0008	03	Female	10.1	NA
0009	01	Male	9.3	MR
0009	02	Male	11.5	MR
0010	01	Male	12	MR
0010	02	Male	14.6	RR
0010	03	Male	16.2	NA
0011	01	Male	11.2	RR
0012	01	Female	7.3	RR
0013	01	Male	9.1	RR
0014	01	Male	9.8	MR
0014	02	Male	12	MR
0015	01	Female	9.8	MR
0015	02	Female	12	RR
0016	01	Male	7.6	MR
0017	01	Female	9.4	NA
0018	01	Female	7	MR
0018	02	Female	9.2	MR
0018	03	Female	10.6	MR
0019	01	Male	7.5	NA
0019	02	Male	11.6	NA
0020	01	Male	6.9	MR
0021	01	Female	9.4	MR
0021	02	Female	12.5	R
0022	01	Female	13	MR
0023	01	Male	10.5	MR
0023	02	Male	12.6	R
0024	01	Female	8.7	RR
0024	02	Female	11	RR
0024	03	Female	12.4	RR
0025	01	Male	6.9	MR
0026	01	Male	9.2	MR
0026	02	Male	11.4	MR
0027	01	Male	6.6	R
0027	02	Male	9.1	MR
0028	01	Female	13.3	MR
0029	01	Female	8.9	MR
0030	01	Male	9.6	MR
0031	01	Female	6.6	L
0032	01	Male	9	MR
0032	02	Male	11.2	MR
0032	03	Male	12.6	MR
0033	01	Female	11.3	MR
0034	01	Female	11.3	MR
0034	02	Female	13.5	MR
0034	03	Female	15.5	NA
0035	01	Female	12.7	R
0035	02	Female	15.8	RR
0036	01	Female	11.3	MR
0036	02	Female	13.4	MR
0036	03	Female	15.5	NA
0037	01	Female	11.2	MR
0038	01	Male	9.3	MR
0039	01	Female	7.8	MR
0040	01	Male	7.2	R
0040	02	Male	9.4	MR
0040	03	Male	10.9	NA
0041	01	Male	11.9	NA
0042	01	Male	12.2	MR
0043	01	Male	6.2	MR
0044	01	Male	7.8	MR
0045	01	Female	12.1	MR
0045	02	Female	14.2	MR
0045	03	Female	15.7	MR
0046	01	Male	10.8	RR
0047	01	Male	4.7	ML
0048	01	Female	14.5	R
0049	01	Female	17.4	R
0050	01	Male	6.9	MR
0050	02	Male	9.5	MR
0050	03	Male	11	NA
0051	01	Female	18.8	R
0052	01	Male	8.5	NA
0053	01	Female	9.9	NA
0054	01	Female	11.4	ML
0054	02	Female	14.4	ML
0055	01	Female	18.2	RR
0055	02	Female	21.8	RR
0056	01	Female	8.9	R
0056	02	Female	11.1	R
0057	01	Female	NA	NA
0058	01	Male	6.3	MR
0058	02	Male	8.7	MR
0058	03	Male	10.4	NA
0059	01	Female	10.1	MR
0059	02	Female	13.1	R
0060	01	Male	17.7	NA
0061	01	Male	17.4	R
0062	01	Male	6.4	MR
0063	01	Male	8.1	MR
0063	02	Male	9.7	NA
0064	01	Female	8.9	MR
0065	01	Female	11.9	MR
0066	01	Male	7.3	MR
0066	02	Male	9.5	RR
0066	03	Male	10.9	R
0067	01	Female	8.9	R
0067	02	Female	11	R
0067	03	Female	12.4	R
0068	01	Male	6.5	MR
0068	02	Male	8.9	MR
0069	01	Male	6.5	MR
0069	02	Male	8.9	M
0070	01	Female	16.8	MR
0071	01	Male	9.7	MR
0071	02	Male	11.9	MR
0071	03	Male	13.7	NA
0072	01	Female	6.3	MR
0072	02	Female	10.3	NA
0073	01	Male	9.3	MR
0074	01	Male	13	NA
0075	01	Male	15.1	M
0076	01	Female	7.4	MR
0076	02	Female	10.1	MR
0077	01	Female	7.1	MR
0078	01	Male	11.8	MR
0078	02	Male	13.7	MR
0078	03	Male	15.4	NA
0079	01	Female	9.6	MR
0080	01	Male	6	MR
0080	02	Male	8	MR
0081	01	Female	NA	NA
0082	01	Female	7.4	MR
0082	02	Female	9.6	MR
0083	01	Female	7.6	R
0084	01	Female	9.3	R
0085	01	Male	10.4	MR
0085	02	Male	12.3	MR
0085	03	Male	14.1	NA
0086	01	Male	6.6	ML
0087	01	Male	7.1	MR
0087	02	Male	8.9	MR
0087	03	Male	10.3	R
0088	01	Male	7.3	R
0088	02	Male	9.2	MR
0089	01	Male	8.7	MR
0090	01	Male	11	MR
0090	02	Male	12.8	MR
0090	03	Male	14.7	NA
0091	01	Male	8.1	MR
0091	02	Male	10.4	MR
0092	01	Male	7.1	MR
0093	01	Male	7.4	MR
0094	01	Female	5.7	MR
0095	01	Female	8.9	MR
0095	02	Female	11.6	MR
0095	03	Female	12.6	NA
0096	01	Female	9.3	MR
0097	01	Male	7.2	MR
0098	01	Female	9.1	MR
0098	02	Female	10.7	MR
0099	01	Male	13.4	MR
0099	02	Male	14.7	R
0099	03	Male	16.4	NA
0100	01	Male	9.9	MR
0101	01	Male	9	MR
0101	02	Male	10.4	RR
0101	03	Male	12.4	NA
0102	01	Male	8.8	RR
0103	01	Male	7.7	MR
0103	02	Male	9.2	MR
0104	01	Male	9.1	R
0104	02	Male	10.7	MR
0104	03	Male	12.3	NA
0105	01	Male	9	R
0105	02	Male	10.7	RR
0105	03	Male	12.2	NA
0106	01	Male	6.1	MR
0106	02	Male	7.6	R
0106	03	Male	8.9	NA
0107	01	Female	8.6	MR
0108	01	Male	7.1	MR
0108	02	Male	8.7	MR
0108	03	Male	10.2	NA
0109	01	Female	10.5	R
0110	01	Female	18.9	R
0111	01	Male	10.1	RR
0111	02	Male	11.7	RR
0111	03	Male	13.2	NA
0112	01	Female	7.5	R
0113	01	Female	9.1	MR
0114	01	Male	12.6	MR
0115	01	Female	10.2	R
0115	02	Female	11.5	MR
0115	03	Female	13.2	NA
0116	01	Female	10.2	MR
0116	02	Female	11.9	NA
0117	01	Female	10.3	MR
0118	01	Female	6.5	M
0118	02	Female	8.4	MR
0119	01	Female	6.7	MR
0120	01	Male	9.3	R
0120	02	Male	10.8	MR
0121	01	Male	6.2	MR
0121	02	Male	7.7	MR
0122	01	Male	8.7	MR
0123	01	Female	8.1	R
0124	01	Male	8.6	MR
0124	02	Male	9.9	R
0125	01	Male	5.5	R
0126	01	Female	9	NA
0127	01	Male	10.4	MR
0127	02	Male	11.9	MR
0128	01	Male	11.1	NA
0129	01	Male	10	M
0130	01	Male	9.6	R
0130	02	Male	11.1	MR
0131	01	Female	7.9	MR
0131	02	Female	9.3	MR
0132	01	Male	12.5	M
0133	01	Female	6	MR
0133	02	Female	7.8	MR
0134	01	Female	10	MR
0134	02	Female	11.9	MR
0135	01	Female	9.8	MR
0135	02	Female	11.1	R
0135	03	Female	12.7	NA
0136	01	Female	14.3	ML
0137	01	Female	12.7	MR
0138	01	Female	15.4	MR
0139	01	Female	7.4	MR
0140	01	Male	16.6	R
0141	01	Male	8.7	RR
0141	02	Male	10.1	RR
0141	03	Male	11.6	NA
0142	01	Male	7.3	MR
0143	01	Male	7.3	R
0143	02	Male	8.7	MR
0144	01	Female	7.2	MR
0144	02	Female	8.5	R
0144	03	Female	10.1	NA
0145	01	Male	7.5	MR
0145	02	Male	9	MR
0145	03	Male	10.5	NA
0146	01	Female	7.1	MR
0146	02	Female	8.5	MR
0146	03	Female	10	NA
0147	01	Male	11.5	M
0148	01	Male	6.4	MR
0148	02	Male	7.7	MR
0148	03	Male	9.3	NA
0149	01	Male	7.7	MR
0150	01	Female	6.3	MR
0150	02	Female	7.6	RR
0150	03	Female	9.3	NA
0151	01	Male	11.4	RR
0151	02	Male	12.6	MR
0151	03	Male	14.3	NA
0152	01	Male	10.5	R
0153	01	Female	4.9	M
0154	01	Male	15.5	NA
0155	01	Male	10.8	MR
0155	02	Male	12.5	NA
0156	01	Female	11.6	R
0157	01	Male	10.8	MR
0158	01	Male	7.1	MR
0159	01	Male	10.6	MR
0160	01	Female	16.7	NA
0161	01	Female	10.5	NA
0162	01	Female	7.9	MR
0162	02	Female	9.3	MR
0163	01	Female	8.2	RR
0163	02	Female	9.6	MR
0164	01	Female	8.9	R
0165	01	Female	10.8	MR
0166	01	Male	8.4	R
0167	01	Female	NA	NA
0168	01	Male	9.2	MR
0168	02	Male	10.6	MR
0169	01	Male	7.8	MR
0170	01	Male	9.6	MR
0171	01	Female	7.5	NA
0172	01	Male	9.1	ML
0173	01	Male	8.3	MR
0173	02	Male	10.2	NA
0174	01	Male	9	R
0175	01	Female	7	RR
0177	01	Male	7.5	R
0178	01	Female	10.6	MR
0179	01	Male	7.6	MR
0180	01	Female	7.4	MR
0182	01	Female	10.1	MR
0183	01	Male	NA	NA
0184	01	Female	5.8	MR
0185	01	Male	10	R
0186	01	Male	9.5	M
0187	01	Male	9.5	R
0188	01	Male	9.4	R
0189	01	Male	9.2	MR
0190	01	Male	5.6	MR
0191	01	Male	9.2	MR
0193	01	Male	7.7	RR
0194	01	Female	8.9	MR
0195	01	Male	9.6	MR
0195	02	Male	10.7	NA
0196	01	Female	10.3	R
0197	01	Male	8.6	MR
0198	01	Male	10.5	MR
0199	01	Female	14.6	MR
0200	01	Male	11.1	R
0201	01	Female	7.4	MR
0202	01	Female	6.6	MR
0203	01	Female	8.6	MR
0204	01	Male	7.1	R
0205	01	Male	7.1	MR
0206	01	Female	8	MR
0207	01	Female	7.4	MR
0208	01	Male	7.1	MR
0209	01	Female	8.5	R
0210	01	Female	10	R
0211	01	Male	9.2	MR
0212	01	Female	7.2	MR
0213	01	Male	11.5	MR
0214	01	Male	6.6	MR
0215	01	Female	12.4	MR
0216	01	Female	10.8	RR
0217	01	Male	6	R
0217	02	Male	7.6	NA
0218	01	Female	8.7	M
0219	01	Male	8.8	RR
0220	01	Male	12.8	MR
0221	01	Male	11.9	MR
0222	01	Female	7.5	MR
0223	01	Female	6.6	MR
0224	01	Male	NA	NA
0225	01	Female	12.5	R
0226	01	Male	10.9	MR
0227	01	Female	10.2	RR
0228	01	Male	11.2	MR
0229	01	Male	4.8	MR
0230	01	Female	4.5	M
0231	01	Male	6.5	RR
0231	02	Male	8.1	NA
0232	01	Male	7.1	MR
0233	01	Female	6.5	R
0234	01	Male	15.2	MR
0235	01	Male	6.7	MR
0236	01	Female	9.4	RR
0237	01	Male	6.1	MR
0238	01	Male	14	LL
0239	01	Female	12.6	MR
0240	01	Female	6.1	MR
0241	01	Male	11.2	NA
0242	01	Female	7.5	NA
0243	01	Female	10.1	MR
0244	01	Male	10.7	R
0244	02	Male	12.2	NA
0245	01	Male	11.1	RR
0246	01	Male	8.4	MR
0246	02	Male	9.8	NA
0247	01	Female	12.5	MR
0248	01	Male	11.6	NA
0249	01	Male	NA	NA
0250	01	Male	12.9	MR
0251	01	Male	7.6	NA
0252	01	Male	6.2	MR
0253	01	Male	6.2	M
0254	01	Female	10.6	R
0255	01	Female	6.3	MR
0255	02	Female	7.8	NA
0256	01	Female	12.2	RR
0257	01	Female	10.5	MR
0258	01	Male	6.5	MR
0259	01	Male	7.5	R
0260	01	Male	10.9	MR
0261	01	Male	11.2	R
0262	01	Female	8.1	MR
0263	01	Female	10.3	NA
0264	01	Male	12.4	MR
0265	01	Male	11.5	NA
0266	01	Male	9.9	R
0267	01	Male	10.4	RR
0268	01	Female	9.4	MR
0269	01	Male	7.7	NA
0270	01	Male	11.4	MR
0271	01	Male	7.9	MR
0272	01	Male	10.1	MR
0273	01	Female	9.8	RR
0274	01	Male	7.8	R
0275	01	Male	9.1	NA
0276	01	Female	9.8	NA
0277	01	Male	9.1	MR
0278	01	Male	9	NA
0279	01	Female	9.7	NA
0280	01	Female	12.1	NA
0281	01	Female	10	NA
P001	01	NA	NA	R
P002	01	NA	NA	MR
P003	01	NA	NA	RR
P004	01	NA	NA	MR
P005	01	NA	NA	MR
P006	01	NA	NA	MR
P007	01	NA	NA	MR
P008	01	NA	NA	NA
P009	01	NA	NA	NA
P010	01	NA	NA	RR
P011	01	NA	NA	MR
